{
  "builtin_entity_scope": [],
  "config": {
    "unit_name": "tfidf_vectorizer",
    "use_stemming": false,
    "word_clusters_name": null
  },
  "language_code": "en",
  "vectorizer": {
    "idf_diag": [
      4.812202670145935,
      4.812202670145935,
      4.589059118831726,
      4.812202670145935,
      3.063002815336676,
      3.2540580520993854,
      4.812202670145935,
      4.252586882210513,
      4.11905548958599,
      3.1539745935424026,
      2.460827412982457,
      4.812202670145935,
      4.11905548958599,
      4.11905548958599,
      4.11905548958599,
      3.1539745935424026,
      4.589059118831726,
      4.11905548958599,
      4.001272453929607,
      3.7135903814778253,
      4.252586882210513,
      3.5594397016505672,
      3.800601758467455,
      3.800601758467455,
      4.812202670145935,
      2.460827412982457,
      4.812202670145935,
      4.11905548958599,
      4.11905548958599,
      3.2027647577118348,
      3.800601758467455,
      2.7019894697993454,
      4.812202670145935,
      3.1539745935424026,
      3.2540580520993854,
      4.11905548958599,
      3.5594397016505672,
      4.252586882210513,
      4.812202670145935,
      3.0204432009178803
    ],
    "vocab": {
      "!": 0,
      "123": 1,
      "4345": 2,
      "again": 3,
      "all": 4,
      "and": 5,
      "bot": 6,
      "bye": 7,
      "day": 8,
      "entityfeatureidentifier": 9,
      "entityfeaturesalesorders": 10,
      "everyone": 11,
      "five": 12,
      "forty": 13,
      "four": 14,
      "give": 15,
      "good": 16,
      "goodbye": 17,
      "have": 18,
      "hello": 19,
      "hey": 20,
      "hundred": 21,
      "id": 22,
      "identificator": 23,
      "just": 24,
      "me": 25,
      "morning": 26,
      "nice": 27,
      "one": 28,
      "order": 29,
      "orders": 30,
      "sales": 31,
      "say": 32,
      "show": 33,
      "the": 34,
      "thousand": 35,
      "three": 36,
      "twenty": 37,
      "wanted": 38,
      "with": 39
    }
  }
}